referral_id,referral_source,referral_at,referrer_id,referrer_name,referee_id,transaction_id,transaction_status,transaction_at,reward_value,is_business_logic_valid
9331c8f144dad5a3b8e4a10467b4343a,Draft Transaction,2024-05-01T05:17:31Z,2c71c5d66c7e12a0b3c200ba6ed3b78e,6380232145160Dca709Cdb11Ae47Fb2A,f1327c9d6d4efee6ad69e7e467b605b9,bc3a22d1b0c651d0c807a9bdaed08e8d,,,,False
9331c8f144dad5a3b8e4a10467b4343a,Draft Transaction,2024-05-01T05:17:31Z,2c71c5d66c7e12a0b3c200ba6ed3b78e,6380232145160Dca709Cdb11Ae47Fb2A,f1327c9d6d4efee6ad69e7e467b605b9,bc3a22d1b0c651d0c807a9bdaed08e8d,,,,False
9331c8f144dad5a3b8e4a10467b4343a,Draft Transaction,2024-05-01T05:17:31Z,2c71c5d66c7e12a0b3c200ba6ed3b78e,6380232145160Dca709Cdb11Ae47Fb2A,f1327c9d6d4efee6ad69e7e467b605b9,bc3a22d1b0c651d0c807a9bdaed08e8d,,,,False
9331c8f144dad5a3b8e4a10467b4343a,Draft Transaction,2024-05-01T05:17:31Z,2c71c5d66c7e12a0b3c200ba6ed3b78e,6380232145160Dca709Cdb11Ae47Fb2A,f1327c9d6d4efee6ad69e7e467b605b9,bc3a22d1b0c651d0c807a9bdaed08e8d,,,,False
9331c8f144dad5a3b8e4a10467b4343a,Draft Transaction,2024-05-01T05:17:31Z,2c71c5d66c7e12a0b3c200ba6ed3b78e,6380232145160Dca709Cdb11Ae47Fb2A,f1327c9d6d4efee6ad69e7e467b605b9,bc3a22d1b0c651d0c807a9bdaed08e8d,,,,False
9331c8f144dad5a3b8e4a10467b4343a,Draft Transaction,2024-05-01T05:17:31Z,2c71c5d66c7e12a0b3c200ba6ed3b78e,6380232145160Dca709Cdb11Ae47Fb2A,f1327c9d6d4efee6ad69e7e467b605b9,bc3a22d1b0c651d0c807a9bdaed08e8d,,,,False
9331c8f144dad5a3b8e4a10467b4343a,Draft Transaction,2024-05-01T05:17:31Z,2c71c5d66c7e12a0b3c200ba6ed3b78e,6380232145160Dca709Cdb11Ae47Fb2A,f1327c9d6d4efee6ad69e7e467b605b9,bc3a22d1b0c651d0c807a9bdaed08e8d,,,,False
9331c8f144dad5a3b8e4a10467b4343a,Draft Transaction,2024-05-01T05:17:31Z,2c71c5d66c7e12a0b3c200ba6ed3b78e,6380232145160Dca709Cdb11Ae47Fb2A,f1327c9d6d4efee6ad69e7e467b605b9,bc3a22d1b0c651d0c807a9bdaed08e8d,,,,False
9331c8f144dad5a3b8e4a10467b4343a,Draft Transaction,2024-05-01T05:17:31Z,2c71c5d66c7e12a0b3c200ba6ed3b78e,6380232145160Dca709Cdb11Ae47Fb2A,f1327c9d6d4efee6ad69e7e467b605b9,bc3a22d1b0c651d0c807a9bdaed08e8d,,,,False
9331c8f144dad5a3b8e4a10467b4343a,Draft Transaction,2024-05-01T05:17:31Z,2c71c5d66c7e12a0b3c200ba6ed3b78e,6380232145160Dca709Cdb11Ae47Fb2A,f1327c9d6d4efee6ad69e7e467b605b9,bc3a22d1b0c651d0c807a9bdaed08e8d,,,,False
9331c8f144dad5a3b8e4a10467b4343a,Draft Transaction,2024-05-01T05:17:31Z,2c71c5d66c7e12a0b3c200ba6ed3b78e,6380232145160Dca709Cdb11Ae47Fb2A,f1327c9d6d4efee6ad69e7e467b605b9,bc3a22d1b0c651d0c807a9bdaed08e8d,,,,False
9331c8f144dad5a3b8e4a10467b4343a,Draft Transaction,2024-05-01T05:17:31Z,2c71c5d66c7e12a0b3c200ba6ed3b78e,6380232145160Dca709Cdb11Ae47Fb2A,f1327c9d6d4efee6ad69e7e467b605b9,bc3a22d1b0c651d0c807a9bdaed08e8d,,,,False
9331c8f144dad5a3b8e4a10467b4343a,Draft Transaction,2024-05-01T05:17:31Z,2c71c5d66c7e12a0b3c200ba6ed3b78e,6380232145160Dca709Cdb11Ae47Fb2A,f1327c9d6d4efee6ad69e7e467b605b9,bc3a22d1b0c651d0c807a9bdaed08e8d,,,,False
6371079a92bcbf0c16ae5fcdf4fc9c10,User Sign Up,2024-04-22T15:04:57Z,2c71c5d66c7e12a0b3c200ba6ed3b78e,6380232145160Dca709Cdb11Ae47Fb2A,12dd343d282fb7915f55982937c30b87,4c8cae052f19cea66544affc759b76ee,,,,False
6371079a92bcbf0c16ae5fcdf4fc9c10,User Sign Up,2024-04-22T15:04:57Z,2c71c5d66c7e12a0b3c200ba6ed3b78e,6380232145160Dca709Cdb11Ae47Fb2A,12dd343d282fb7915f55982937c30b87,4c8cae052f19cea66544affc759b76ee,,,,False
6371079a92bcbf0c16ae5fcdf4fc9c10,User Sign Up,2024-04-22T15:04:57Z,2c71c5d66c7e12a0b3c200ba6ed3b78e,6380232145160Dca709Cdb11Ae47Fb2A,12dd343d282fb7915f55982937c30b87,4c8cae052f19cea66544affc759b76ee,,,,False
6371079a92bcbf0c16ae5fcdf4fc9c10,User Sign Up,2024-04-22T15:04:57Z,2c71c5d66c7e12a0b3c200ba6ed3b78e,6380232145160Dca709Cdb11Ae47Fb2A,12dd343d282fb7915f55982937c30b87,4c8cae052f19cea66544affc759b76ee,,,,False
6371079a92bcbf0c16ae5fcdf4fc9c10,User Sign Up,2024-04-22T15:04:57Z,2c71c5d66c7e12a0b3c200ba6ed3b78e,6380232145160Dca709Cdb11Ae47Fb2A,12dd343d282fb7915f55982937c30b87,4c8cae052f19cea66544affc759b76ee,,,,False
6371079a92bcbf0c16ae5fcdf4fc9c10,User Sign Up,2024-04-22T15:04:57Z,2c71c5d66c7e12a0b3c200ba6ed3b78e,6380232145160Dca709Cdb11Ae47Fb2A,12dd343d282fb7915f55982937c30b87,4c8cae052f19cea66544affc759b76ee,,,,False
6371079a92bcbf0c16ae5fcdf4fc9c10,User Sign Up,2024-04-22T15:04:57Z,2c71c5d66c7e12a0b3c200ba6ed3b78e,6380232145160Dca709Cdb11Ae47Fb2A,12dd343d282fb7915f55982937c30b87,4c8cae052f19cea66544affc759b76ee,,,,False
6371079a92bcbf0c16ae5fcdf4fc9c10,User Sign Up,2024-04-22T15:04:57Z,2c71c5d66c7e12a0b3c200ba6ed3b78e,6380232145160Dca709Cdb11Ae47Fb2A,12dd343d282fb7915f55982937c30b87,4c8cae052f19cea66544affc759b76ee,,,,False
6371079a92bcbf0c16ae5fcdf4fc9c10,User Sign Up,2024-04-22T15:04:57Z,2c71c5d66c7e12a0b3c200ba6ed3b78e,6380232145160Dca709Cdb11Ae47Fb2A,12dd343d282fb7915f55982937c30b87,4c8cae052f19cea66544affc759b76ee,,,,False
6371079a92bcbf0c16ae5fcdf4fc9c10,User Sign Up,2024-04-22T15:04:57Z,2c71c5d66c7e12a0b3c200ba6ed3b78e,6380232145160Dca709Cdb11Ae47Fb2A,12dd343d282fb7915f55982937c30b87,4c8cae052f19cea66544affc759b76ee,,,,False
6371079a92bcbf0c16ae5fcdf4fc9c10,User Sign Up,2024-04-22T15:04:57Z,2c71c5d66c7e12a0b3c200ba6ed3b78e,6380232145160Dca709Cdb11Ae47Fb2A,12dd343d282fb7915f55982937c30b87,4c8cae052f19cea66544affc759b76ee,,,,False
6371079a92bcbf0c16ae5fcdf4fc9c10,User Sign Up,2024-04-22T15:04:57Z,2c71c5d66c7e12a0b3c200ba6ed3b78e,6380232145160Dca709Cdb11Ae47Fb2A,12dd343d282fb7915f55982937c30b87,4c8cae052f19cea66544affc759b76ee,,,,False
6371079a92bcbf0c16ae5fcdf4fc9c10,User Sign Up,2024-04-22T15:04:57Z,2c71c5d66c7e12a0b3c200ba6ed3b78e,6380232145160Dca709Cdb11Ae47Fb2A,12dd343d282fb7915f55982937c30b87,4c8cae052f19cea66544affc759b76ee,,,,False
a49105b02e690472452527663559d97a,Draft Transaction,2024-05-02T14:10:16Z,,,f6507a982bde1dcda0ce0867ceac66f6,91263eaf2af17ac140c6fc23a68882d3,PAID,2024-05-02T14:10:16.55Z,,False
fcb804c8ff24e5b2974a7e965ebea5e8,User Sign Up,2024-04-18T03:56:22Z,2c71c5d66c7e12a0b3c200ba6ed3b78e,6380232145160Dca709Cdb11Ae47Fb2A,919b89759e569c5f1bdfc45ba1872d6f,,,,,False
fcb804c8ff24e5b2974a7e965ebea5e8,User Sign Up,2024-04-18T03:56:22Z,2c71c5d66c7e12a0b3c200ba6ed3b78e,6380232145160Dca709Cdb11Ae47Fb2A,919b89759e569c5f1bdfc45ba1872d6f,,,,,False
fcb804c8ff24e5b2974a7e965ebea5e8,User Sign Up,2024-04-18T03:56:22Z,2c71c5d66c7e12a0b3c200ba6ed3b78e,6380232145160Dca709Cdb11Ae47Fb2A,919b89759e569c5f1bdfc45ba1872d6f,,,,,False
fcb804c8ff24e5b2974a7e965ebea5e8,User Sign Up,2024-04-18T03:56:22Z,2c71c5d66c7e12a0b3c200ba6ed3b78e,6380232145160Dca709Cdb11Ae47Fb2A,919b89759e569c5f1bdfc45ba1872d6f,,,,,False
fcb804c8ff24e5b2974a7e965ebea5e8,User Sign Up,2024-04-18T03:56:22Z,2c71c5d66c7e12a0b3c200ba6ed3b78e,6380232145160Dca709Cdb11Ae47Fb2A,919b89759e569c5f1bdfc45ba1872d6f,,,,,False
fcb804c8ff24e5b2974a7e965ebea5e8,User Sign Up,2024-04-18T03:56:22Z,2c71c5d66c7e12a0b3c200ba6ed3b78e,6380232145160Dca709Cdb11Ae47Fb2A,919b89759e569c5f1bdfc45ba1872d6f,,,,,False
fcb804c8ff24e5b2974a7e965ebea5e8,User Sign Up,2024-04-18T03:56:22Z,2c71c5d66c7e12a0b3c200ba6ed3b78e,6380232145160Dca709Cdb11Ae47Fb2A,919b89759e569c5f1bdfc45ba1872d6f,,,,,False
fcb804c8ff24e5b2974a7e965ebea5e8,User Sign Up,2024-04-18T03:56:22Z,2c71c5d66c7e12a0b3c200ba6ed3b78e,6380232145160Dca709Cdb11Ae47Fb2A,919b89759e569c5f1bdfc45ba1872d6f,,,,,False
fcb804c8ff24e5b2974a7e965ebea5e8,User Sign Up,2024-04-18T03:56:22Z,2c71c5d66c7e12a0b3c200ba6ed3b78e,6380232145160Dca709Cdb11Ae47Fb2A,919b89759e569c5f1bdfc45ba1872d6f,,,,,False
fcb804c8ff24e5b2974a7e965ebea5e8,User Sign Up,2024-04-18T03:56:22Z,2c71c5d66c7e12a0b3c200ba6ed3b78e,6380232145160Dca709Cdb11Ae47Fb2A,919b89759e569c5f1bdfc45ba1872d6f,,,,,False
fcb804c8ff24e5b2974a7e965ebea5e8,User Sign Up,2024-04-18T03:56:22Z,2c71c5d66c7e12a0b3c200ba6ed3b78e,6380232145160Dca709Cdb11Ae47Fb2A,919b89759e569c5f1bdfc45ba1872d6f,,,,,False
fcb804c8ff24e5b2974a7e965ebea5e8,User Sign Up,2024-04-18T03:56:22Z,2c71c5d66c7e12a0b3c200ba6ed3b78e,6380232145160Dca709Cdb11Ae47Fb2A,919b89759e569c5f1bdfc45ba1872d6f,,,,,False
fcb804c8ff24e5b2974a7e965ebea5e8,User Sign Up,2024-04-18T03:56:22Z,2c71c5d66c7e12a0b3c200ba6ed3b78e,6380232145160Dca709Cdb11Ae47Fb2A,919b89759e569c5f1bdfc45ba1872d6f,,,,,False
9e9324e6fde29bb0d230654b38ccfdd4,Draft Transaction,2024-05-14T06:17:03Z,f2de40c8394f4ea9a6aa49965380dd8f,2Eb4B6E1Ee9574C9E4A5F7E7E9B09280,d1b90f8e27b5ec0d37f180aed67d76b4,e05121ea99fed4f4c5224a4667bb3dad,PAID,2024-05-14T06:17:03.25Z,,False
9e9324e6fde29bb0d230654b38ccfdd4,Draft Transaction,2024-05-14T06:17:03Z,f2de40c8394f4ea9a6aa49965380dd8f,2Eb4B6E1Ee9574C9E4A5F7E7E9B09280,d1b90f8e27b5ec0d37f180aed67d76b4,e05121ea99fed4f4c5224a4667bb3dad,PAID,2024-05-14T06:17:03.25Z,,False
b6732d2ca0bc7acbc1b39cb8a04a96cd,Lead,2024-05-22T09:03:10Z,4acfa96cb521b6963b50bcef95bee485,A2D59A13F5F24Ae696B0C6917F86A82F,8cba435bca358b92462a30bc999598bf,,,,,False
b6732d2ca0bc7acbc1b39cb8a04a96cd,Lead,2024-05-22T09:03:10Z,4acfa96cb521b6963b50bcef95bee485,A2D59A13F5F24Ae696B0C6917F86A82F,8cba435bca358b92462a30bc999598bf,,,,,False
b6732d2ca0bc7acbc1b39cb8a04a96cd,Lead,2024-05-22T09:03:10Z,4acfa96cb521b6963b50bcef95bee485,A2D59A13F5F24Ae696B0C6917F86A82F,8cba435bca358b92462a30bc999598bf,,,,,False
b6732d2ca0bc7acbc1b39cb8a04a96cd,Lead,2024-05-22T09:03:10Z,4acfa96cb521b6963b50bcef95bee485,A2D59A13F5F24Ae696B0C6917F86A82F,8cba435bca358b92462a30bc999598bf,,,,,False
b6732d2ca0bc7acbc1b39cb8a04a96cd,Lead,2024-05-22T09:03:10Z,4acfa96cb521b6963b50bcef95bee485,A2D59A13F5F24Ae696B0C6917F86A82F,8cba435bca358b92462a30bc999598bf,,,,,False
b6732d2ca0bc7acbc1b39cb8a04a96cd,Lead,2024-05-22T09:03:10Z,4acfa96cb521b6963b50bcef95bee485,A2D59A13F5F24Ae696B0C6917F86A82F,8cba435bca358b92462a30bc999598bf,,,,,False
b6732d2ca0bc7acbc1b39cb8a04a96cd,Lead,2024-05-22T09:03:10Z,4acfa96cb521b6963b50bcef95bee485,A2D59A13F5F24Ae696B0C6917F86A82F,8cba435bca358b92462a30bc999598bf,,,,,False
835e990334fe52dec832043f19ddfd07,Draft Transaction,2024-05-13T10:23:46Z,f2de40c8394f4ea9a6aa49965380dd8f,2Eb4B6E1Ee9574C9E4A5F7E7E9B09280,a2f1c1a62e161b8fe76498b3936d8afa,f192fca27d438c053db425fade152d66,PAID,2024-05-13T10:23:46.166Z,,False
835e990334fe52dec832043f19ddfd07,Draft Transaction,2024-05-13T10:23:46Z,f2de40c8394f4ea9a6aa49965380dd8f,2Eb4B6E1Ee9574C9E4A5F7E7E9B09280,a2f1c1a62e161b8fe76498b3936d8afa,f192fca27d438c053db425fade152d66,PAID,2024-05-13T10:23:46.166Z,,False
6667436490ad3c794a8f5127772d4810,Draft Transaction,2024-05-02T14:06:39Z,,,38ebaae9d064d2aa29f466bdbcf9a5b2,07f21743663aacb7d212c286d47a14de,PAID,2024-05-02T14:06:39.196Z,,False
d452feec722a5cabc03645bb089e2735,Lead,2024-03-20T07:48:49Z,cbac8ed440d53d1c6c187874c4193db2,,08b8ab0371b6a0cb79319628505c446c,7709d17eaec03665f58904b72c8ab444,,,,False
a95d6a6cefee850333bb2df257cb2f79,Draft Transaction,2024-05-21T09:47:11Z,ac7437a85f72bcef29088bf148e05eb7,3Bc4F73Ee40575F76Edf68D2Da50B50F,d0f7a95f117a5b084ea18a2fcdeb543e,0ad3f929bef2f8177db401bba99a6692,PAID,2024-05-21T09:47:11.535Z,,False
6a585aa172036ab3cda99023016c7bff,Draft Transaction,2024-05-02T14:59:57Z,,,70a65c322094af912c370e526613fcfb,d3d0530307725b26e4bac8d6ec2072d8,PAID,2024-05-02T14:59:57.601Z,,False
678d8990730250f8001c25a7da8f05d4,User Sign Up,2024-03-08T11:31:24Z,93128ee70cc2e95bc632eb73f472213d,Ec55B0C6B4Cf5E7E08Ddcfbc0465B796,c6fb4aa67eba0ed851ac4182abe26127,7709d17eaec03665f58904b72c8ab444,,,,False
1f44ffca9257eefe62892409bce4b704,Draft Transaction,2024-05-03T02:00:59Z,,,9fb1542469c6ae6c5378727d8c0bdf21,bd02c54aeca60d0e82f784be0ad4c84d,PAID,2024-05-03T02:00:59.409Z,,False
7bf019d6eec0fc5f6485fb4d1968fe80,Lead,2024-05-22T08:47:24Z,4acfa96cb521b6963b50bcef95bee485,A2D59A13F5F24Ae696B0C6917F86A82F,b64ce1531c508d3090a76ae678647f20,,,,,False
7bf019d6eec0fc5f6485fb4d1968fe80,Lead,2024-05-22T08:47:24Z,4acfa96cb521b6963b50bcef95bee485,A2D59A13F5F24Ae696B0C6917F86A82F,b64ce1531c508d3090a76ae678647f20,,,,,False
7bf019d6eec0fc5f6485fb4d1968fe80,Lead,2024-05-22T08:47:24Z,4acfa96cb521b6963b50bcef95bee485,A2D59A13F5F24Ae696B0C6917F86A82F,b64ce1531c508d3090a76ae678647f20,,,,,False
7bf019d6eec0fc5f6485fb4d1968fe80,Lead,2024-05-22T08:47:24Z,4acfa96cb521b6963b50bcef95bee485,A2D59A13F5F24Ae696B0C6917F86A82F,b64ce1531c508d3090a76ae678647f20,,,,,False
7bf019d6eec0fc5f6485fb4d1968fe80,Lead,2024-05-22T08:47:24Z,4acfa96cb521b6963b50bcef95bee485,A2D59A13F5F24Ae696B0C6917F86A82F,b64ce1531c508d3090a76ae678647f20,,,,,False
7bf019d6eec0fc5f6485fb4d1968fe80,Lead,2024-05-22T08:47:24Z,4acfa96cb521b6963b50bcef95bee485,A2D59A13F5F24Ae696B0C6917F86A82F,b64ce1531c508d3090a76ae678647f20,,,,,False
7bf019d6eec0fc5f6485fb4d1968fe80,Lead,2024-05-22T08:47:24Z,4acfa96cb521b6963b50bcef95bee485,A2D59A13F5F24Ae696B0C6917F86A82F,b64ce1531c508d3090a76ae678647f20,,,,,False
d0c11363fa2754323ed04ddbd0681bfb,User Sign Up,2024-04-30T13:54:15Z,4acfa96cb521b6963b50bcef95bee485,A2D59A13F5F24Ae696B0C6917F86A82F,c8c0461f1332b25809ff6ae01444d7f5,da0071e2bb7794ac19ff4dbbb6e772f0,,,,False
d0c11363fa2754323ed04ddbd0681bfb,User Sign Up,2024-04-30T13:54:15Z,4acfa96cb521b6963b50bcef95bee485,A2D59A13F5F24Ae696B0C6917F86A82F,c8c0461f1332b25809ff6ae01444d7f5,da0071e2bb7794ac19ff4dbbb6e772f0,,,,False
d0c11363fa2754323ed04ddbd0681bfb,User Sign Up,2024-04-30T13:54:15Z,4acfa96cb521b6963b50bcef95bee485,A2D59A13F5F24Ae696B0C6917F86A82F,c8c0461f1332b25809ff6ae01444d7f5,da0071e2bb7794ac19ff4dbbb6e772f0,,,,False
d0c11363fa2754323ed04ddbd0681bfb,User Sign Up,2024-04-30T13:54:15Z,4acfa96cb521b6963b50bcef95bee485,A2D59A13F5F24Ae696B0C6917F86A82F,c8c0461f1332b25809ff6ae01444d7f5,da0071e2bb7794ac19ff4dbbb6e772f0,,,,False
d0c11363fa2754323ed04ddbd0681bfb,User Sign Up,2024-04-30T13:54:15Z,4acfa96cb521b6963b50bcef95bee485,A2D59A13F5F24Ae696B0C6917F86A82F,c8c0461f1332b25809ff6ae01444d7f5,da0071e2bb7794ac19ff4dbbb6e772f0,,,,False
d0c11363fa2754323ed04ddbd0681bfb,User Sign Up,2024-04-30T13:54:15Z,4acfa96cb521b6963b50bcef95bee485,A2D59A13F5F24Ae696B0C6917F86A82F,c8c0461f1332b25809ff6ae01444d7f5,da0071e2bb7794ac19ff4dbbb6e772f0,,,,False
d0c11363fa2754323ed04ddbd0681bfb,User Sign Up,2024-04-30T13:54:15Z,4acfa96cb521b6963b50bcef95bee485,A2D59A13F5F24Ae696B0C6917F86A82F,c8c0461f1332b25809ff6ae01444d7f5,da0071e2bb7794ac19ff4dbbb6e772f0,,,,False
41b807ac2774a0a29be25266d73fcf8b,Draft Transaction,2024-05-10T17:13:57Z,4acfa96cb521b6963b50bcef95bee485,A2D59A13F5F24Ae696B0C6917F86A82F,0efd457fd172aef584656e7a56d7c1bf,da0071e2bb7794ac19ff4dbbb6e772f0,,,,False
41b807ac2774a0a29be25266d73fcf8b,Draft Transaction,2024-05-10T17:13:57Z,4acfa96cb521b6963b50bcef95bee485,A2D59A13F5F24Ae696B0C6917F86A82F,0efd457fd172aef584656e7a56d7c1bf,da0071e2bb7794ac19ff4dbbb6e772f0,,,,False
41b807ac2774a0a29be25266d73fcf8b,Draft Transaction,2024-05-10T17:13:57Z,4acfa96cb521b6963b50bcef95bee485,A2D59A13F5F24Ae696B0C6917F86A82F,0efd457fd172aef584656e7a56d7c1bf,da0071e2bb7794ac19ff4dbbb6e772f0,,,,False
41b807ac2774a0a29be25266d73fcf8b,Draft Transaction,2024-05-10T17:13:57Z,4acfa96cb521b6963b50bcef95bee485,A2D59A13F5F24Ae696B0C6917F86A82F,0efd457fd172aef584656e7a56d7c1bf,da0071e2bb7794ac19ff4dbbb6e772f0,,,,False
41b807ac2774a0a29be25266d73fcf8b,Draft Transaction,2024-05-10T17:13:57Z,4acfa96cb521b6963b50bcef95bee485,A2D59A13F5F24Ae696B0C6917F86A82F,0efd457fd172aef584656e7a56d7c1bf,da0071e2bb7794ac19ff4dbbb6e772f0,,,,False
41b807ac2774a0a29be25266d73fcf8b,Draft Transaction,2024-05-10T17:13:57Z,4acfa96cb521b6963b50bcef95bee485,A2D59A13F5F24Ae696B0C6917F86A82F,0efd457fd172aef584656e7a56d7c1bf,da0071e2bb7794ac19ff4dbbb6e772f0,,,,False
41b807ac2774a0a29be25266d73fcf8b,Draft Transaction,2024-05-10T17:13:57Z,4acfa96cb521b6963b50bcef95bee485,A2D59A13F5F24Ae696B0C6917F86A82F,0efd457fd172aef584656e7a56d7c1bf,da0071e2bb7794ac19ff4dbbb6e772f0,,,,False
2751eafffb38a7baf6c35f8bfb5e58e8,Draft Transaction,2024-05-02T07:53:43Z,,,ba4030331004896beb5549fb7d57ce14,8623f36f36e709fbefe43defcac59583,PAID,2024-05-02T07:53:43.179Z,,False
2d07be15757d1ea6d85b96f4d46c4a37,Lead,2024-05-10T04:16:29Z,cadba628952bde1670ac4c0792afc28a,2Eb4B6E1Ee9574C9E4A5F7E7E9B09280,bbd3c7b2448041dc5339b23878cacd79,,,,,False
2d07be15757d1ea6d85b96f4d46c4a37,Lead,2024-05-10T04:16:29Z,cadba628952bde1670ac4c0792afc28a,2Eb4B6E1Ee9574C9E4A5F7E7E9B09280,bbd3c7b2448041dc5339b23878cacd79,,,,,False
d47843579ed8d4696b0abfbed179320f,Draft Transaction,2024-05-22T07:24:50Z,d0a0d9ca8dc4f47226a8afd32ee2a848,49452C26F7B12Cd571Bd598A0128819E,109b6bf8d2664e5c4a165515aeb30a54,518f2f962f004659394aebd7344569dc,,,,False
90abb7a3fab6efe0f5017b11df3c2ffc,Lead,2024-05-06T08:02:16Z,2c71c5d66c7e12a0b3c200ba6ed3b78e,6380232145160Dca709Cdb11Ae47Fb2A,a90dcb9c1fc9c63f1e2dc7dbd79ecfd2,,,,,False
90abb7a3fab6efe0f5017b11df3c2ffc,Lead,2024-05-06T08:02:16Z,2c71c5d66c7e12a0b3c200ba6ed3b78e,6380232145160Dca709Cdb11Ae47Fb2A,a90dcb9c1fc9c63f1e2dc7dbd79ecfd2,,,,,False
90abb7a3fab6efe0f5017b11df3c2ffc,Lead,2024-05-06T08:02:16Z,2c71c5d66c7e12a0b3c200ba6ed3b78e,6380232145160Dca709Cdb11Ae47Fb2A,a90dcb9c1fc9c63f1e2dc7dbd79ecfd2,,,,,False
90abb7a3fab6efe0f5017b11df3c2ffc,Lead,2024-05-06T08:02:16Z,2c71c5d66c7e12a0b3c200ba6ed3b78e,6380232145160Dca709Cdb11Ae47Fb2A,a90dcb9c1fc9c63f1e2dc7dbd79ecfd2,,,,,False
90abb7a3fab6efe0f5017b11df3c2ffc,Lead,2024-05-06T08:02:16Z,2c71c5d66c7e12a0b3c200ba6ed3b78e,6380232145160Dca709Cdb11Ae47Fb2A,a90dcb9c1fc9c63f1e2dc7dbd79ecfd2,,,,,False
90abb7a3fab6efe0f5017b11df3c2ffc,Lead,2024-05-06T08:02:16Z,2c71c5d66c7e12a0b3c200ba6ed3b78e,6380232145160Dca709Cdb11Ae47Fb2A,a90dcb9c1fc9c63f1e2dc7dbd79ecfd2,,,,,False
90abb7a3fab6efe0f5017b11df3c2ffc,Lead,2024-05-06T08:02:16Z,2c71c5d66c7e12a0b3c200ba6ed3b78e,6380232145160Dca709Cdb11Ae47Fb2A,a90dcb9c1fc9c63f1e2dc7dbd79ecfd2,,,,,False
90abb7a3fab6efe0f5017b11df3c2ffc,Lead,2024-05-06T08:02:16Z,2c71c5d66c7e12a0b3c200ba6ed3b78e,6380232145160Dca709Cdb11Ae47Fb2A,a90dcb9c1fc9c63f1e2dc7dbd79ecfd2,,,,,False
90abb7a3fab6efe0f5017b11df3c2ffc,Lead,2024-05-06T08:02:16Z,2c71c5d66c7e12a0b3c200ba6ed3b78e,6380232145160Dca709Cdb11Ae47Fb2A,a90dcb9c1fc9c63f1e2dc7dbd79ecfd2,,,,,False
90abb7a3fab6efe0f5017b11df3c2ffc,Lead,2024-05-06T08:02:16Z,2c71c5d66c7e12a0b3c200ba6ed3b78e,6380232145160Dca709Cdb11Ae47Fb2A,a90dcb9c1fc9c63f1e2dc7dbd79ecfd2,,,,,False
90abb7a3fab6efe0f5017b11df3c2ffc,Lead,2024-05-06T08:02:16Z,2c71c5d66c7e12a0b3c200ba6ed3b78e,6380232145160Dca709Cdb11Ae47Fb2A,a90dcb9c1fc9c63f1e2dc7dbd79ecfd2,,,,,False
90abb7a3fab6efe0f5017b11df3c2ffc,Lead,2024-05-06T08:02:16Z,2c71c5d66c7e12a0b3c200ba6ed3b78e,6380232145160Dca709Cdb11Ae47Fb2A,a90dcb9c1fc9c63f1e2dc7dbd79ecfd2,,,,,False
90abb7a3fab6efe0f5017b11df3c2ffc,Lead,2024-05-06T08:02:16Z,2c71c5d66c7e12a0b3c200ba6ed3b78e,6380232145160Dca709Cdb11Ae47Fb2A,a90dcb9c1fc9c63f1e2dc7dbd79ecfd2,,,,,False
251cb17f5a0a266d4eec7f3f478ad245,Lead,2024-05-13T06:38:59Z,4acfa96cb521b6963b50bcef95bee485,A2D59A13F5F24Ae696B0C6917F86A82F,774656feb3119be1d8d6d893429c7cc0,,,,,False
251cb17f5a0a266d4eec7f3f478ad245,Lead,2024-05-13T06:38:59Z,4acfa96cb521b6963b50bcef95bee485,A2D59A13F5F24Ae696B0C6917F86A82F,774656feb3119be1d8d6d893429c7cc0,,,,,False
251cb17f5a0a266d4eec7f3f478ad245,Lead,2024-05-13T06:38:59Z,4acfa96cb521b6963b50bcef95bee485,A2D59A13F5F24Ae696B0C6917F86A82F,774656feb3119be1d8d6d893429c7cc0,,,,,False
251cb17f5a0a266d4eec7f3f478ad245,Lead,2024-05-13T06:38:59Z,4acfa96cb521b6963b50bcef95bee485,A2D59A13F5F24Ae696B0C6917F86A82F,774656feb3119be1d8d6d893429c7cc0,,,,,False
251cb17f5a0a266d4eec7f3f478ad245,Lead,2024-05-13T06:38:59Z,4acfa96cb521b6963b50bcef95bee485,A2D59A13F5F24Ae696B0C6917F86A82F,774656feb3119be1d8d6d893429c7cc0,,,,,False
251cb17f5a0a266d4eec7f3f478ad245,Lead,2024-05-13T06:38:59Z,4acfa96cb521b6963b50bcef95bee485,A2D59A13F5F24Ae696B0C6917F86A82F,774656feb3119be1d8d6d893429c7cc0,,,,,False
251cb17f5a0a266d4eec7f3f478ad245,Lead,2024-05-13T06:38:59Z,4acfa96cb521b6963b50bcef95bee485,A2D59A13F5F24Ae696B0C6917F86A82F,774656feb3119be1d8d6d893429c7cc0,,,,,False
79096365084a0d3f51ad9a0725f6708f,Draft Transaction,2024-05-02T06:34:13Z,,,cdd490a959231b4f9014cc18f737a300,,,,,False
61717d106753428549731b63554d70a5,Lead,2024-05-13T06:31:40Z,4acfa96cb521b6963b50bcef95bee485,A2D59A13F5F24Ae696B0C6917F86A82F,c50f607bbae83f7c53551476e11997eb,da0071e2bb7794ac19ff4dbbb6e772f0,,,,False
61717d106753428549731b63554d70a5,Lead,2024-05-13T06:31:40Z,4acfa96cb521b6963b50bcef95bee485,A2D59A13F5F24Ae696B0C6917F86A82F,c50f607bbae83f7c53551476e11997eb,da0071e2bb7794ac19ff4dbbb6e772f0,,,,False
61717d106753428549731b63554d70a5,Lead,2024-05-13T06:31:40Z,4acfa96cb521b6963b50bcef95bee485,A2D59A13F5F24Ae696B0C6917F86A82F,c50f607bbae83f7c53551476e11997eb,da0071e2bb7794ac19ff4dbbb6e772f0,,,,False
61717d106753428549731b63554d70a5,Lead,2024-05-13T06:31:40Z,4acfa96cb521b6963b50bcef95bee485,A2D59A13F5F24Ae696B0C6917F86A82F,c50f607bbae83f7c53551476e11997eb,da0071e2bb7794ac19ff4dbbb6e772f0,,,,False
61717d106753428549731b63554d70a5,Lead,2024-05-13T06:31:40Z,4acfa96cb521b6963b50bcef95bee485,A2D59A13F5F24Ae696B0C6917F86A82F,c50f607bbae83f7c53551476e11997eb,da0071e2bb7794ac19ff4dbbb6e772f0,,,,False
61717d106753428549731b63554d70a5,Lead,2024-05-13T06:31:40Z,4acfa96cb521b6963b50bcef95bee485,A2D59A13F5F24Ae696B0C6917F86A82F,c50f607bbae83f7c53551476e11997eb,da0071e2bb7794ac19ff4dbbb6e772f0,,,,False
61717d106753428549731b63554d70a5,Lead,2024-05-13T06:31:40Z,4acfa96cb521b6963b50bcef95bee485,A2D59A13F5F24Ae696B0C6917F86A82F,c50f607bbae83f7c53551476e11997eb,da0071e2bb7794ac19ff4dbbb6e772f0,,,,False
3c2d868e7310b1690f1e7429d04b4c6b,Draft Transaction,2024-05-01T05:22:16Z,2c71c5d66c7e12a0b3c200ba6ed3b78e,6380232145160Dca709Cdb11Ae47Fb2A,09761f520c39620c1fc95b31d2a3047d,e283b54d76844faaa985f83b037de8a2,,,,False
3c2d868e7310b1690f1e7429d04b4c6b,Draft Transaction,2024-05-01T05:22:16Z,2c71c5d66c7e12a0b3c200ba6ed3b78e,6380232145160Dca709Cdb11Ae47Fb2A,09761f520c39620c1fc95b31d2a3047d,e283b54d76844faaa985f83b037de8a2,,,,False
3c2d868e7310b1690f1e7429d04b4c6b,Draft Transaction,2024-05-01T05:22:16Z,2c71c5d66c7e12a0b3c200ba6ed3b78e,6380232145160Dca709Cdb11Ae47Fb2A,09761f520c39620c1fc95b31d2a3047d,e283b54d76844faaa985f83b037de8a2,,,,False
3c2d868e7310b1690f1e7429d04b4c6b,Draft Transaction,2024-05-01T05:22:16Z,2c71c5d66c7e12a0b3c200ba6ed3b78e,6380232145160Dca709Cdb11Ae47Fb2A,09761f520c39620c1fc95b31d2a3047d,e283b54d76844faaa985f83b037de8a2,,,,False
3c2d868e7310b1690f1e7429d04b4c6b,Draft Transaction,2024-05-01T05:22:16Z,2c71c5d66c7e12a0b3c200ba6ed3b78e,6380232145160Dca709Cdb11Ae47Fb2A,09761f520c39620c1fc95b31d2a3047d,e283b54d76844faaa985f83b037de8a2,,,,False
3c2d868e7310b1690f1e7429d04b4c6b,Draft Transaction,2024-05-01T05:22:16Z,2c71c5d66c7e12a0b3c200ba6ed3b78e,6380232145160Dca709Cdb11Ae47Fb2A,09761f520c39620c1fc95b31d2a3047d,e283b54d76844faaa985f83b037de8a2,,,,False
3c2d868e7310b1690f1e7429d04b4c6b,Draft Transaction,2024-05-01T05:22:16Z,2c71c5d66c7e12a0b3c200ba6ed3b78e,6380232145160Dca709Cdb11Ae47Fb2A,09761f520c39620c1fc95b31d2a3047d,e283b54d76844faaa985f83b037de8a2,,,,False
3c2d868e7310b1690f1e7429d04b4c6b,Draft Transaction,2024-05-01T05:22:16Z,2c71c5d66c7e12a0b3c200ba6ed3b78e,6380232145160Dca709Cdb11Ae47Fb2A,09761f520c39620c1fc95b31d2a3047d,e283b54d76844faaa985f83b037de8a2,,,,False
3c2d868e7310b1690f1e7429d04b4c6b,Draft Transaction,2024-05-01T05:22:16Z,2c71c5d66c7e12a0b3c200ba6ed3b78e,6380232145160Dca709Cdb11Ae47Fb2A,09761f520c39620c1fc95b31d2a3047d,e283b54d76844faaa985f83b037de8a2,,,,False
3c2d868e7310b1690f1e7429d04b4c6b,Draft Transaction,2024-05-01T05:22:16Z,2c71c5d66c7e12a0b3c200ba6ed3b78e,6380232145160Dca709Cdb11Ae47Fb2A,09761f520c39620c1fc95b31d2a3047d,e283b54d76844faaa985f83b037de8a2,,,,False
3c2d868e7310b1690f1e7429d04b4c6b,Draft Transaction,2024-05-01T05:22:16Z,2c71c5d66c7e12a0b3c200ba6ed3b78e,6380232145160Dca709Cdb11Ae47Fb2A,09761f520c39620c1fc95b31d2a3047d,e283b54d76844faaa985f83b037de8a2,,,,False
3c2d868e7310b1690f1e7429d04b4c6b,Draft Transaction,2024-05-01T05:22:16Z,2c71c5d66c7e12a0b3c200ba6ed3b78e,6380232145160Dca709Cdb11Ae47Fb2A,09761f520c39620c1fc95b31d2a3047d,e283b54d76844faaa985f83b037de8a2,,,,False
3c2d868e7310b1690f1e7429d04b4c6b,Draft Transaction,2024-05-01T05:22:16Z,2c71c5d66c7e12a0b3c200ba6ed3b78e,6380232145160Dca709Cdb11Ae47Fb2A,09761f520c39620c1fc95b31d2a3047d,e283b54d76844faaa985f83b037de8a2,,,,False
bfdc4ba9d1e89cd5f19ed6d239b7b06a,Draft Transaction,2024-05-16T04:52:59Z,,,,c8d6bb873db3478e39a43260a0bbac1a,PAID,2024-05-16T04:52:46.484Z,,False
30a0cdbe9f518b9938bf9b9399f8b048,Lead,2024-04-16T07:09:25Z,b755269324c62c3a6b0bb6568f5d4d26,,08b8ab0371b6a0cb79319628505c446c,4c8cae052f19cea66544affc759b76ee,,,,False
b7056002e75cd4b2583d8e8ee401e230,Draft Transaction,2024-05-20T04:23:21Z,,,,93d48d85048e102d32d02df43138d283,PAID,2024-05-20T04:23:09.444Z,,False
3c2d4fcbb8d1bf5e82407fbae76b9917,Draft Transaction,2024-05-02T04:49:01Z,,,ee6570190f4a18fe1d9646d2ab037bbf,1d1eb8a9e864a1cccb2d850398461807,PAID,2024-05-02T04:49:01.497Z,,False
8882f8f02e658bd06627f9e0aedf9325,Lead,2024-03-20T07:49:17Z,2c71c5d66c7e12a0b3c200ba6ed3b78e,6380232145160Dca709Cdb11Ae47Fb2A,08b8ab0371b6a0cb79319628505c446c,,,,,False
8882f8f02e658bd06627f9e0aedf9325,Lead,2024-03-20T07:49:17Z,2c71c5d66c7e12a0b3c200ba6ed3b78e,6380232145160Dca709Cdb11Ae47Fb2A,08b8ab0371b6a0cb79319628505c446c,,,,,False
8882f8f02e658bd06627f9e0aedf9325,Lead,2024-03-20T07:49:17Z,2c71c5d66c7e12a0b3c200ba6ed3b78e,6380232145160Dca709Cdb11Ae47Fb2A,08b8ab0371b6a0cb79319628505c446c,,,,,False
8882f8f02e658bd06627f9e0aedf9325,Lead,2024-03-20T07:49:17Z,2c71c5d66c7e12a0b3c200ba6ed3b78e,6380232145160Dca709Cdb11Ae47Fb2A,08b8ab0371b6a0cb79319628505c446c,,,,,False
8882f8f02e658bd06627f9e0aedf9325,Lead,2024-03-20T07:49:17Z,2c71c5d66c7e12a0b3c200ba6ed3b78e,6380232145160Dca709Cdb11Ae47Fb2A,08b8ab0371b6a0cb79319628505c446c,,,,,False
8882f8f02e658bd06627f9e0aedf9325,Lead,2024-03-20T07:49:17Z,2c71c5d66c7e12a0b3c200ba6ed3b78e,6380232145160Dca709Cdb11Ae47Fb2A,08b8ab0371b6a0cb79319628505c446c,,,,,False
8882f8f02e658bd06627f9e0aedf9325,Lead,2024-03-20T07:49:17Z,2c71c5d66c7e12a0b3c200ba6ed3b78e,6380232145160Dca709Cdb11Ae47Fb2A,08b8ab0371b6a0cb79319628505c446c,,,,,False
8882f8f02e658bd06627f9e0aedf9325,Lead,2024-03-20T07:49:17Z,2c71c5d66c7e12a0b3c200ba6ed3b78e,6380232145160Dca709Cdb11Ae47Fb2A,08b8ab0371b6a0cb79319628505c446c,,,,,False
8882f8f02e658bd06627f9e0aedf9325,Lead,2024-03-20T07:49:17Z,2c71c5d66c7e12a0b3c200ba6ed3b78e,6380232145160Dca709Cdb11Ae47Fb2A,08b8ab0371b6a0cb79319628505c446c,,,,,False
8882f8f02e658bd06627f9e0aedf9325,Lead,2024-03-20T07:49:17Z,2c71c5d66c7e12a0b3c200ba6ed3b78e,6380232145160Dca709Cdb11Ae47Fb2A,08b8ab0371b6a0cb79319628505c446c,,,,,False
8882f8f02e658bd06627f9e0aedf9325,Lead,2024-03-20T07:49:17Z,2c71c5d66c7e12a0b3c200ba6ed3b78e,6380232145160Dca709Cdb11Ae47Fb2A,08b8ab0371b6a0cb79319628505c446c,,,,,False
8882f8f02e658bd06627f9e0aedf9325,Lead,2024-03-20T07:49:17Z,2c71c5d66c7e12a0b3c200ba6ed3b78e,6380232145160Dca709Cdb11Ae47Fb2A,08b8ab0371b6a0cb79319628505c446c,,,,,False
8882f8f02e658bd06627f9e0aedf9325,Lead,2024-03-20T07:49:17Z,2c71c5d66c7e12a0b3c200ba6ed3b78e,6380232145160Dca709Cdb11Ae47Fb2A,08b8ab0371b6a0cb79319628505c446c,,,,,False
e066aaa1b0384cd538e5590be41ce325,Draft Transaction,2024-05-01T05:07:31Z,2c71c5d66c7e12a0b3c200ba6ed3b78e,6380232145160Dca709Cdb11Ae47Fb2A,54b4ac2d01dbb7d14c788e47a501bcf0,e42431bb123d41cbedc3e796cbdcd985,PAID,2024-05-01T05:07:30.374Z,,False
e066aaa1b0384cd538e5590be41ce325,Draft Transaction,2024-05-01T05:07:31Z,2c71c5d66c7e12a0b3c200ba6ed3b78e,6380232145160Dca709Cdb11Ae47Fb2A,54b4ac2d01dbb7d14c788e47a501bcf0,e42431bb123d41cbedc3e796cbdcd985,PAID,2024-05-01T05:07:30.374Z,,False
e066aaa1b0384cd538e5590be41ce325,Draft Transaction,2024-05-01T05:07:31Z,2c71c5d66c7e12a0b3c200ba6ed3b78e,6380232145160Dca709Cdb11Ae47Fb2A,54b4ac2d01dbb7d14c788e47a501bcf0,e42431bb123d41cbedc3e796cbdcd985,PAID,2024-05-01T05:07:30.374Z,,False
e066aaa1b0384cd538e5590be41ce325,Draft Transaction,2024-05-01T05:07:31Z,2c71c5d66c7e12a0b3c200ba6ed3b78e,6380232145160Dca709Cdb11Ae47Fb2A,54b4ac2d01dbb7d14c788e47a501bcf0,e42431bb123d41cbedc3e796cbdcd985,PAID,2024-05-01T05:07:30.374Z,,False
e066aaa1b0384cd538e5590be41ce325,Draft Transaction,2024-05-01T05:07:31Z,2c71c5d66c7e12a0b3c200ba6ed3b78e,6380232145160Dca709Cdb11Ae47Fb2A,54b4ac2d01dbb7d14c788e47a501bcf0,e42431bb123d41cbedc3e796cbdcd985,PAID,2024-05-01T05:07:30.374Z,,False
e066aaa1b0384cd538e5590be41ce325,Draft Transaction,2024-05-01T05:07:31Z,2c71c5d66c7e12a0b3c200ba6ed3b78e,6380232145160Dca709Cdb11Ae47Fb2A,54b4ac2d01dbb7d14c788e47a501bcf0,e42431bb123d41cbedc3e796cbdcd985,PAID,2024-05-01T05:07:30.374Z,,False
e066aaa1b0384cd538e5590be41ce325,Draft Transaction,2024-05-01T05:07:31Z,2c71c5d66c7e12a0b3c200ba6ed3b78e,6380232145160Dca709Cdb11Ae47Fb2A,54b4ac2d01dbb7d14c788e47a501bcf0,e42431bb123d41cbedc3e796cbdcd985,PAID,2024-05-01T05:07:30.374Z,,False
e066aaa1b0384cd538e5590be41ce325,Draft Transaction,2024-05-01T05:07:31Z,2c71c5d66c7e12a0b3c200ba6ed3b78e,6380232145160Dca709Cdb11Ae47Fb2A,54b4ac2d01dbb7d14c788e47a501bcf0,e42431bb123d41cbedc3e796cbdcd985,PAID,2024-05-01T05:07:30.374Z,,False
e066aaa1b0384cd538e5590be41ce325,Draft Transaction,2024-05-01T05:07:31Z,2c71c5d66c7e12a0b3c200ba6ed3b78e,6380232145160Dca709Cdb11Ae47Fb2A,54b4ac2d01dbb7d14c788e47a501bcf0,e42431bb123d41cbedc3e796cbdcd985,PAID,2024-05-01T05:07:30.374Z,,False
e066aaa1b0384cd538e5590be41ce325,Draft Transaction,2024-05-01T05:07:31Z,2c71c5d66c7e12a0b3c200ba6ed3b78e,6380232145160Dca709Cdb11Ae47Fb2A,54b4ac2d01dbb7d14c788e47a501bcf0,e42431bb123d41cbedc3e796cbdcd985,PAID,2024-05-01T05:07:30.374Z,,False
e066aaa1b0384cd538e5590be41ce325,Draft Transaction,2024-05-01T05:07:31Z,2c71c5d66c7e12a0b3c200ba6ed3b78e,6380232145160Dca709Cdb11Ae47Fb2A,54b4ac2d01dbb7d14c788e47a501bcf0,e42431bb123d41cbedc3e796cbdcd985,PAID,2024-05-01T05:07:30.374Z,,False
e066aaa1b0384cd538e5590be41ce325,Draft Transaction,2024-05-01T05:07:31Z,2c71c5d66c7e12a0b3c200ba6ed3b78e,6380232145160Dca709Cdb11Ae47Fb2A,54b4ac2d01dbb7d14c788e47a501bcf0,e42431bb123d41cbedc3e796cbdcd985,PAID,2024-05-01T05:07:30.374Z,,False
e066aaa1b0384cd538e5590be41ce325,Draft Transaction,2024-05-01T05:07:31Z,2c71c5d66c7e12a0b3c200ba6ed3b78e,6380232145160Dca709Cdb11Ae47Fb2A,54b4ac2d01dbb7d14c788e47a501bcf0,e42431bb123d41cbedc3e796cbdcd985,PAID,2024-05-01T05:07:30.374Z,,False
ca06593605d62bc27dacb93533278f44,Lead,2024-05-24T04:57:33Z,1eab0611433407d851896635a5b735f5,,04aec3adea13099cb24c4cc784f05f3d,,,,,False
70ab7f982d360286a79c8a3050f5506d,Lead,2024-04-23T04:55:40Z,2bab9f04bacea881a9e796136ac186da,,08b8ab0371b6a0cb79319628505c446c,,,,,False
24a62000845ed37ef32e5f5b697480c1,Draft Transaction,2024-05-02T13:46:38Z,,,773c666a2c42dab86c86fb6aacddf07c,09b9ee18ba1969f7ce8d23546ae09555,PAID,2024-05-02T13:46:38.971Z,,False
7a03e01e0c17b2322845242a796adb5e,User Sign Up,2024-04-22T15:04:57Z,2c71c5d66c7e12a0b3c200ba6ed3b78e,6380232145160Dca709Cdb11Ae47Fb2A,12dd343d282fb7915f55982937c30b87,4c8cae052f19cea66544affc759b76ee,,,,False
7a03e01e0c17b2322845242a796adb5e,User Sign Up,2024-04-22T15:04:57Z,2c71c5d66c7e12a0b3c200ba6ed3b78e,6380232145160Dca709Cdb11Ae47Fb2A,12dd343d282fb7915f55982937c30b87,4c8cae052f19cea66544affc759b76ee,,,,False
7a03e01e0c17b2322845242a796adb5e,User Sign Up,2024-04-22T15:04:57Z,2c71c5d66c7e12a0b3c200ba6ed3b78e,6380232145160Dca709Cdb11Ae47Fb2A,12dd343d282fb7915f55982937c30b87,4c8cae052f19cea66544affc759b76ee,,,,False
7a03e01e0c17b2322845242a796adb5e,User Sign Up,2024-04-22T15:04:57Z,2c71c5d66c7e12a0b3c200ba6ed3b78e,6380232145160Dca709Cdb11Ae47Fb2A,12dd343d282fb7915f55982937c30b87,4c8cae052f19cea66544affc759b76ee,,,,False
7a03e01e0c17b2322845242a796adb5e,User Sign Up,2024-04-22T15:04:57Z,2c71c5d66c7e12a0b3c200ba6ed3b78e,6380232145160Dca709Cdb11Ae47Fb2A,12dd343d282fb7915f55982937c30b87,4c8cae052f19cea66544affc759b76ee,,,,False
7a03e01e0c17b2322845242a796adb5e,User Sign Up,2024-04-22T15:04:57Z,2c71c5d66c7e12a0b3c200ba6ed3b78e,6380232145160Dca709Cdb11Ae47Fb2A,12dd343d282fb7915f55982937c30b87,4c8cae052f19cea66544affc759b76ee,,,,False
7a03e01e0c17b2322845242a796adb5e,User Sign Up,2024-04-22T15:04:57Z,2c71c5d66c7e12a0b3c200ba6ed3b78e,6380232145160Dca709Cdb11Ae47Fb2A,12dd343d282fb7915f55982937c30b87,4c8cae052f19cea66544affc759b76ee,,,,False
7a03e01e0c17b2322845242a796adb5e,User Sign Up,2024-04-22T15:04:57Z,2c71c5d66c7e12a0b3c200ba6ed3b78e,6380232145160Dca709Cdb11Ae47Fb2A,12dd343d282fb7915f55982937c30b87,4c8cae052f19cea66544affc759b76ee,,,,False
7a03e01e0c17b2322845242a796adb5e,User Sign Up,2024-04-22T15:04:57Z,2c71c5d66c7e12a0b3c200ba6ed3b78e,6380232145160Dca709Cdb11Ae47Fb2A,12dd343d282fb7915f55982937c30b87,4c8cae052f19cea66544affc759b76ee,,,,False
7a03e01e0c17b2322845242a796adb5e,User Sign Up,2024-04-22T15:04:57Z,2c71c5d66c7e12a0b3c200ba6ed3b78e,6380232145160Dca709Cdb11Ae47Fb2A,12dd343d282fb7915f55982937c30b87,4c8cae052f19cea66544affc759b76ee,,,,False
7a03e01e0c17b2322845242a796adb5e,User Sign Up,2024-04-22T15:04:57Z,2c71c5d66c7e12a0b3c200ba6ed3b78e,6380232145160Dca709Cdb11Ae47Fb2A,12dd343d282fb7915f55982937c30b87,4c8cae052f19cea66544affc759b76ee,,,,False
7a03e01e0c17b2322845242a796adb5e,User Sign Up,2024-04-22T15:04:57Z,2c71c5d66c7e12a0b3c200ba6ed3b78e,6380232145160Dca709Cdb11Ae47Fb2A,12dd343d282fb7915f55982937c30b87,4c8cae052f19cea66544affc759b76ee,,,,False
7a03e01e0c17b2322845242a796adb5e,User Sign Up,2024-04-22T15:04:57Z,2c71c5d66c7e12a0b3c200ba6ed3b78e,6380232145160Dca709Cdb11Ae47Fb2A,12dd343d282fb7915f55982937c30b87,4c8cae052f19cea66544affc759b76ee,,,,False
636f4143f3bbe2a832d3f8e3c7b7d848,User Sign Up,2024-05-05T12:03:23Z,2c71c5d66c7e12a0b3c200ba6ed3b78e,6380232145160Dca709Cdb11Ae47Fb2A,eb9e25fa99d54d67c6b22ee8bc1df10c,,,,,False
636f4143f3bbe2a832d3f8e3c7b7d848,User Sign Up,2024-05-05T12:03:23Z,2c71c5d66c7e12a0b3c200ba6ed3b78e,6380232145160Dca709Cdb11Ae47Fb2A,eb9e25fa99d54d67c6b22ee8bc1df10c,,,,,False
636f4143f3bbe2a832d3f8e3c7b7d848,User Sign Up,2024-05-05T12:03:23Z,2c71c5d66c7e12a0b3c200ba6ed3b78e,6380232145160Dca709Cdb11Ae47Fb2A,eb9e25fa99d54d67c6b22ee8bc1df10c,,,,,False
636f4143f3bbe2a832d3f8e3c7b7d848,User Sign Up,2024-05-05T12:03:23Z,2c71c5d66c7e12a0b3c200ba6ed3b78e,6380232145160Dca709Cdb11Ae47Fb2A,eb9e25fa99d54d67c6b22ee8bc1df10c,,,,,False
636f4143f3bbe2a832d3f8e3c7b7d848,User Sign Up,2024-05-05T12:03:23Z,2c71c5d66c7e12a0b3c200ba6ed3b78e,6380232145160Dca709Cdb11Ae47Fb2A,eb9e25fa99d54d67c6b22ee8bc1df10c,,,,,False
636f4143f3bbe2a832d3f8e3c7b7d848,User Sign Up,2024-05-05T12:03:23Z,2c71c5d66c7e12a0b3c200ba6ed3b78e,6380232145160Dca709Cdb11Ae47Fb2A,eb9e25fa99d54d67c6b22ee8bc1df10c,,,,,False
636f4143f3bbe2a832d3f8e3c7b7d848,User Sign Up,2024-05-05T12:03:23Z,2c71c5d66c7e12a0b3c200ba6ed3b78e,6380232145160Dca709Cdb11Ae47Fb2A,eb9e25fa99d54d67c6b22ee8bc1df10c,,,,,False
636f4143f3bbe2a832d3f8e3c7b7d848,User Sign Up,2024-05-05T12:03:23Z,2c71c5d66c7e12a0b3c200ba6ed3b78e,6380232145160Dca709Cdb11Ae47Fb2A,eb9e25fa99d54d67c6b22ee8bc1df10c,,,,,False
636f4143f3bbe2a832d3f8e3c7b7d848,User Sign Up,2024-05-05T12:03:23Z,2c71c5d66c7e12a0b3c200ba6ed3b78e,6380232145160Dca709Cdb11Ae47Fb2A,eb9e25fa99d54d67c6b22ee8bc1df10c,,,,,False
636f4143f3bbe2a832d3f8e3c7b7d848,User Sign Up,2024-05-05T12:03:23Z,2c71c5d66c7e12a0b3c200ba6ed3b78e,6380232145160Dca709Cdb11Ae47Fb2A,eb9e25fa99d54d67c6b22ee8bc1df10c,,,,,False
636f4143f3bbe2a832d3f8e3c7b7d848,User Sign Up,2024-05-05T12:03:23Z,2c71c5d66c7e12a0b3c200ba6ed3b78e,6380232145160Dca709Cdb11Ae47Fb2A,eb9e25fa99d54d67c6b22ee8bc1df10c,,,,,False
636f4143f3bbe2a832d3f8e3c7b7d848,User Sign Up,2024-05-05T12:03:23Z,2c71c5d66c7e12a0b3c200ba6ed3b78e,6380232145160Dca709Cdb11Ae47Fb2A,eb9e25fa99d54d67c6b22ee8bc1df10c,,,,,False
636f4143f3bbe2a832d3f8e3c7b7d848,User Sign Up,2024-05-05T12:03:23Z,2c71c5d66c7e12a0b3c200ba6ed3b78e,6380232145160Dca709Cdb11Ae47Fb2A,eb9e25fa99d54d67c6b22ee8bc1df10c,,,,,False
e6d2c72313e5d1a77ab02e20e3ba4ecb,Draft Transaction,2024-04-23T04:55:40Z,2c71c5d66c7e12a0b3c200ba6ed3b78e,6380232145160Dca709Cdb11Ae47Fb2A,12dd343d282fb7915f55982937c30b87,4c8cae052f19cea66544affc759b76ee,,,,False
e6d2c72313e5d1a77ab02e20e3ba4ecb,Draft Transaction,2024-04-23T04:55:40Z,2c71c5d66c7e12a0b3c200ba6ed3b78e,6380232145160Dca709Cdb11Ae47Fb2A,12dd343d282fb7915f55982937c30b87,4c8cae052f19cea66544affc759b76ee,,,,False
e6d2c72313e5d1a77ab02e20e3ba4ecb,Draft Transaction,2024-04-23T04:55:40Z,2c71c5d66c7e12a0b3c200ba6ed3b78e,6380232145160Dca709Cdb11Ae47Fb2A,12dd343d282fb7915f55982937c30b87,4c8cae052f19cea66544affc759b76ee,,,,False
e6d2c72313e5d1a77ab02e20e3ba4ecb,Draft Transaction,2024-04-23T04:55:40Z,2c71c5d66c7e12a0b3c200ba6ed3b78e,6380232145160Dca709Cdb11Ae47Fb2A,12dd343d282fb7915f55982937c30b87,4c8cae052f19cea66544affc759b76ee,,,,False
e6d2c72313e5d1a77ab02e20e3ba4ecb,Draft Transaction,2024-04-23T04:55:40Z,2c71c5d66c7e12a0b3c200ba6ed3b78e,6380232145160Dca709Cdb11Ae47Fb2A,12dd343d282fb7915f55982937c30b87,4c8cae052f19cea66544affc759b76ee,,,,False
e6d2c72313e5d1a77ab02e20e3ba4ecb,Draft Transaction,2024-04-23T04:55:40Z,2c71c5d66c7e12a0b3c200ba6ed3b78e,6380232145160Dca709Cdb11Ae47Fb2A,12dd343d282fb7915f55982937c30b87,4c8cae052f19cea66544affc759b76ee,,,,False
e6d2c72313e5d1a77ab02e20e3ba4ecb,Draft Transaction,2024-04-23T04:55:40Z,2c71c5d66c7e12a0b3c200ba6ed3b78e,6380232145160Dca709Cdb11Ae47Fb2A,12dd343d282fb7915f55982937c30b87,4c8cae052f19cea66544affc759b76ee,,,,False
e6d2c72313e5d1a77ab02e20e3ba4ecb,Draft Transaction,2024-04-23T04:55:40Z,2c71c5d66c7e12a0b3c200ba6ed3b78e,6380232145160Dca709Cdb11Ae47Fb2A,12dd343d282fb7915f55982937c30b87,4c8cae052f19cea66544affc759b76ee,,,,False
e6d2c72313e5d1a77ab02e20e3ba4ecb,Draft Transaction,2024-04-23T04:55:40Z,2c71c5d66c7e12a0b3c200ba6ed3b78e,6380232145160Dca709Cdb11Ae47Fb2A,12dd343d282fb7915f55982937c30b87,4c8cae052f19cea66544affc759b76ee,,,,False
e6d2c72313e5d1a77ab02e20e3ba4ecb,Draft Transaction,2024-04-23T04:55:40Z,2c71c5d66c7e12a0b3c200ba6ed3b78e,6380232145160Dca709Cdb11Ae47Fb2A,12dd343d282fb7915f55982937c30b87,4c8cae052f19cea66544affc759b76ee,,,,False
e6d2c72313e5d1a77ab02e20e3ba4ecb,Draft Transaction,2024-04-23T04:55:40Z,2c71c5d66c7e12a0b3c200ba6ed3b78e,6380232145160Dca709Cdb11Ae47Fb2A,12dd343d282fb7915f55982937c30b87,4c8cae052f19cea66544affc759b76ee,,,,False
e6d2c72313e5d1a77ab02e20e3ba4ecb,Draft Transaction,2024-04-23T04:55:40Z,2c71c5d66c7e12a0b3c200ba6ed3b78e,6380232145160Dca709Cdb11Ae47Fb2A,12dd343d282fb7915f55982937c30b87,4c8cae052f19cea66544affc759b76ee,,,,False
e6d2c72313e5d1a77ab02e20e3ba4ecb,Draft Transaction,2024-04-23T04:55:40Z,2c71c5d66c7e12a0b3c200ba6ed3b78e,6380232145160Dca709Cdb11Ae47Fb2A,12dd343d282fb7915f55982937c30b87,4c8cae052f19cea66544affc759b76ee,,,,False
9aa929850a37a7071f8ea0cd62fcfb07,Draft Transaction,2024-05-22T08:40:10Z,4acfa96cb521b6963b50bcef95bee485,A2D59A13F5F24Ae696B0C6917F86A82F,4c887ed9cd914a3400e5a2eebd8934f3,b6ba055845543f4a4d86a6c6948089be,,,,False
9aa929850a37a7071f8ea0cd62fcfb07,Draft Transaction,2024-05-22T08:40:10Z,4acfa96cb521b6963b50bcef95bee485,A2D59A13F5F24Ae696B0C6917F86A82F,4c887ed9cd914a3400e5a2eebd8934f3,b6ba055845543f4a4d86a6c6948089be,,,,False
9aa929850a37a7071f8ea0cd62fcfb07,Draft Transaction,2024-05-22T08:40:10Z,4acfa96cb521b6963b50bcef95bee485,A2D59A13F5F24Ae696B0C6917F86A82F,4c887ed9cd914a3400e5a2eebd8934f3,b6ba055845543f4a4d86a6c6948089be,,,,False
9aa929850a37a7071f8ea0cd62fcfb07,Draft Transaction,2024-05-22T08:40:10Z,4acfa96cb521b6963b50bcef95bee485,A2D59A13F5F24Ae696B0C6917F86A82F,4c887ed9cd914a3400e5a2eebd8934f3,b6ba055845543f4a4d86a6c6948089be,,,,False
9aa929850a37a7071f8ea0cd62fcfb07,Draft Transaction,2024-05-22T08:40:10Z,4acfa96cb521b6963b50bcef95bee485,A2D59A13F5F24Ae696B0C6917F86A82F,4c887ed9cd914a3400e5a2eebd8934f3,b6ba055845543f4a4d86a6c6948089be,,,,False
9aa929850a37a7071f8ea0cd62fcfb07,Draft Transaction,2024-05-22T08:40:10Z,4acfa96cb521b6963b50bcef95bee485,A2D59A13F5F24Ae696B0C6917F86A82F,4c887ed9cd914a3400e5a2eebd8934f3,b6ba055845543f4a4d86a6c6948089be,,,,False
9aa929850a37a7071f8ea0cd62fcfb07,Draft Transaction,2024-05-22T08:40:10Z,4acfa96cb521b6963b50bcef95bee485,A2D59A13F5F24Ae696B0C6917F86A82F,4c887ed9cd914a3400e5a2eebd8934f3,b6ba055845543f4a4d86a6c6948089be,,,,False
4df44c256adf2c9cbb3655104f8dc395,Draft Transaction,2024-05-06T08:09:35Z,2c71c5d66c7e12a0b3c200ba6ed3b78e,6380232145160Dca709Cdb11Ae47Fb2A,438a8b26ee11aa32b87d2d34b1cbcd09,db79cbba0d2845aa61519f43bb7e51fb,,,,False
4df44c256adf2c9cbb3655104f8dc395,Draft Transaction,2024-05-06T08:09:35Z,2c71c5d66c7e12a0b3c200ba6ed3b78e,6380232145160Dca709Cdb11Ae47Fb2A,438a8b26ee11aa32b87d2d34b1cbcd09,db79cbba0d2845aa61519f43bb7e51fb,,,,False
4df44c256adf2c9cbb3655104f8dc395,Draft Transaction,2024-05-06T08:09:35Z,2c71c5d66c7e12a0b3c200ba6ed3b78e,6380232145160Dca709Cdb11Ae47Fb2A,438a8b26ee11aa32b87d2d34b1cbcd09,db79cbba0d2845aa61519f43bb7e51fb,,,,False
4df44c256adf2c9cbb3655104f8dc395,Draft Transaction,2024-05-06T08:09:35Z,2c71c5d66c7e12a0b3c200ba6ed3b78e,6380232145160Dca709Cdb11Ae47Fb2A,438a8b26ee11aa32b87d2d34b1cbcd09,db79cbba0d2845aa61519f43bb7e51fb,,,,False
4df44c256adf2c9cbb3655104f8dc395,Draft Transaction,2024-05-06T08:09:35Z,2c71c5d66c7e12a0b3c200ba6ed3b78e,6380232145160Dca709Cdb11Ae47Fb2A,438a8b26ee11aa32b87d2d34b1cbcd09,db79cbba0d2845aa61519f43bb7e51fb,,,,False
4df44c256adf2c9cbb3655104f8dc395,Draft Transaction,2024-05-06T08:09:35Z,2c71c5d66c7e12a0b3c200ba6ed3b78e,6380232145160Dca709Cdb11Ae47Fb2A,438a8b26ee11aa32b87d2d34b1cbcd09,db79cbba0d2845aa61519f43bb7e51fb,,,,False
4df44c256adf2c9cbb3655104f8dc395,Draft Transaction,2024-05-06T08:09:35Z,2c71c5d66c7e12a0b3c200ba6ed3b78e,6380232145160Dca709Cdb11Ae47Fb2A,438a8b26ee11aa32b87d2d34b1cbcd09,db79cbba0d2845aa61519f43bb7e51fb,,,,False
4df44c256adf2c9cbb3655104f8dc395,Draft Transaction,2024-05-06T08:09:35Z,2c71c5d66c7e12a0b3c200ba6ed3b78e,6380232145160Dca709Cdb11Ae47Fb2A,438a8b26ee11aa32b87d2d34b1cbcd09,db79cbba0d2845aa61519f43bb7e51fb,,,,False
4df44c256adf2c9cbb3655104f8dc395,Draft Transaction,2024-05-06T08:09:35Z,2c71c5d66c7e12a0b3c200ba6ed3b78e,6380232145160Dca709Cdb11Ae47Fb2A,438a8b26ee11aa32b87d2d34b1cbcd09,db79cbba0d2845aa61519f43bb7e51fb,,,,False
4df44c256adf2c9cbb3655104f8dc395,Draft Transaction,2024-05-06T08:09:35Z,2c71c5d66c7e12a0b3c200ba6ed3b78e,6380232145160Dca709Cdb11Ae47Fb2A,438a8b26ee11aa32b87d2d34b1cbcd09,db79cbba0d2845aa61519f43bb7e51fb,,,,False
4df44c256adf2c9cbb3655104f8dc395,Draft Transaction,2024-05-06T08:09:35Z,2c71c5d66c7e12a0b3c200ba6ed3b78e,6380232145160Dca709Cdb11Ae47Fb2A,438a8b26ee11aa32b87d2d34b1cbcd09,db79cbba0d2845aa61519f43bb7e51fb,,,,False
4df44c256adf2c9cbb3655104f8dc395,Draft Transaction,2024-05-06T08:09:35Z,2c71c5d66c7e12a0b3c200ba6ed3b78e,6380232145160Dca709Cdb11Ae47Fb2A,438a8b26ee11aa32b87d2d34b1cbcd09,db79cbba0d2845aa61519f43bb7e51fb,,,,False
4df44c256adf2c9cbb3655104f8dc395,Draft Transaction,2024-05-06T08:09:35Z,2c71c5d66c7e12a0b3c200ba6ed3b78e,6380232145160Dca709Cdb11Ae47Fb2A,438a8b26ee11aa32b87d2d34b1cbcd09,db79cbba0d2845aa61519f43bb7e51fb,,,,False
e3a55877243e31f6196748c21f7e2982,Draft Transaction,2024-05-13T04:11:39Z,8575e4f470c06e133f95c4be9aa13934,003609F9B658Dc89Cd16D904783834D4,a0a8f598a579d59b0e7968b26ddb73a5,73f8158ade927532c4d27340867fb58f,,,,False
24e66dee053da38b3a19bfb9e91e8faf,Draft Transaction,2024-05-22T02:22:58Z,,,,dbb15373cbcc1aae8aebca324022380d,,,,False
c848ba4844ae65f2420d373efc5908c9,Draft Transaction,2024-05-02T08:21:11Z,,,96594c1dc81ecf6df675e881f69887ee,f0919740b10749ae99ead8790610b828,,,,False
e4b21d1dcdb37955b9e46b9357c7d0fe,User Sign Up,2024-03-14T08:56:33Z,2c71c5d66c7e12a0b3c200ba6ed3b78e,6380232145160Dca709Cdb11Ae47Fb2A,c6fb4aa67eba0ed851ac4182abe26127,,,,,False
e4b21d1dcdb37955b9e46b9357c7d0fe,User Sign Up,2024-03-14T08:56:33Z,2c71c5d66c7e12a0b3c200ba6ed3b78e,6380232145160Dca709Cdb11Ae47Fb2A,c6fb4aa67eba0ed851ac4182abe26127,,,,,False
e4b21d1dcdb37955b9e46b9357c7d0fe,User Sign Up,2024-03-14T08:56:33Z,2c71c5d66c7e12a0b3c200ba6ed3b78e,6380232145160Dca709Cdb11Ae47Fb2A,c6fb4aa67eba0ed851ac4182abe26127,,,,,False
e4b21d1dcdb37955b9e46b9357c7d0fe,User Sign Up,2024-03-14T08:56:33Z,2c71c5d66c7e12a0b3c200ba6ed3b78e,6380232145160Dca709Cdb11Ae47Fb2A,c6fb4aa67eba0ed851ac4182abe26127,,,,,False
e4b21d1dcdb37955b9e46b9357c7d0fe,User Sign Up,2024-03-14T08:56:33Z,2c71c5d66c7e12a0b3c200ba6ed3b78e,6380232145160Dca709Cdb11Ae47Fb2A,c6fb4aa67eba0ed851ac4182abe26127,,,,,False
e4b21d1dcdb37955b9e46b9357c7d0fe,User Sign Up,2024-03-14T08:56:33Z,2c71c5d66c7e12a0b3c200ba6ed3b78e,6380232145160Dca709Cdb11Ae47Fb2A,c6fb4aa67eba0ed851ac4182abe26127,,,,,False
e4b21d1dcdb37955b9e46b9357c7d0fe,User Sign Up,2024-03-14T08:56:33Z,2c71c5d66c7e12a0b3c200ba6ed3b78e,6380232145160Dca709Cdb11Ae47Fb2A,c6fb4aa67eba0ed851ac4182abe26127,,,,,False
e4b21d1dcdb37955b9e46b9357c7d0fe,User Sign Up,2024-03-14T08:56:33Z,2c71c5d66c7e12a0b3c200ba6ed3b78e,6380232145160Dca709Cdb11Ae47Fb2A,c6fb4aa67eba0ed851ac4182abe26127,,,,,False
e4b21d1dcdb37955b9e46b9357c7d0fe,User Sign Up,2024-03-14T08:56:33Z,2c71c5d66c7e12a0b3c200ba6ed3b78e,6380232145160Dca709Cdb11Ae47Fb2A,c6fb4aa67eba0ed851ac4182abe26127,,,,,False
e4b21d1dcdb37955b9e46b9357c7d0fe,User Sign Up,2024-03-14T08:56:33Z,2c71c5d66c7e12a0b3c200ba6ed3b78e,6380232145160Dca709Cdb11Ae47Fb2A,c6fb4aa67eba0ed851ac4182abe26127,,,,,False
e4b21d1dcdb37955b9e46b9357c7d0fe,User Sign Up,2024-03-14T08:56:33Z,2c71c5d66c7e12a0b3c200ba6ed3b78e,6380232145160Dca709Cdb11Ae47Fb2A,c6fb4aa67eba0ed851ac4182abe26127,,,,,False
e4b21d1dcdb37955b9e46b9357c7d0fe,User Sign Up,2024-03-14T08:56:33Z,2c71c5d66c7e12a0b3c200ba6ed3b78e,6380232145160Dca709Cdb11Ae47Fb2A,c6fb4aa67eba0ed851ac4182abe26127,,,,,False
e4b21d1dcdb37955b9e46b9357c7d0fe,User Sign Up,2024-03-14T08:56:33Z,2c71c5d66c7e12a0b3c200ba6ed3b78e,6380232145160Dca709Cdb11Ae47Fb2A,c6fb4aa67eba0ed851ac4182abe26127,,,,,False
e74f3e7cae96a2c81a7970ec3a8ccb82,User Sign Up,2024-05-10T07:08:12Z,2c71c5d66c7e12a0b3c200ba6ed3b78e,6380232145160Dca709Cdb11Ae47Fb2A,e04c6b50af7c034b0b48b4afdde0e2c9,,,,,False
e74f3e7cae96a2c81a7970ec3a8ccb82,User Sign Up,2024-05-10T07:08:12Z,2c71c5d66c7e12a0b3c200ba6ed3b78e,6380232145160Dca709Cdb11Ae47Fb2A,e04c6b50af7c034b0b48b4afdde0e2c9,,,,,False
e74f3e7cae96a2c81a7970ec3a8ccb82,User Sign Up,2024-05-10T07:08:12Z,2c71c5d66c7e12a0b3c200ba6ed3b78e,6380232145160Dca709Cdb11Ae47Fb2A,e04c6b50af7c034b0b48b4afdde0e2c9,,,,,False
e74f3e7cae96a2c81a7970ec3a8ccb82,User Sign Up,2024-05-10T07:08:12Z,2c71c5d66c7e12a0b3c200ba6ed3b78e,6380232145160Dca709Cdb11Ae47Fb2A,e04c6b50af7c034b0b48b4afdde0e2c9,,,,,False
e74f3e7cae96a2c81a7970ec3a8ccb82,User Sign Up,2024-05-10T07:08:12Z,2c71c5d66c7e12a0b3c200ba6ed3b78e,6380232145160Dca709Cdb11Ae47Fb2A,e04c6b50af7c034b0b48b4afdde0e2c9,,,,,False
e74f3e7cae96a2c81a7970ec3a8ccb82,User Sign Up,2024-05-10T07:08:12Z,2c71c5d66c7e12a0b3c200ba6ed3b78e,6380232145160Dca709Cdb11Ae47Fb2A,e04c6b50af7c034b0b48b4afdde0e2c9,,,,,False
e74f3e7cae96a2c81a7970ec3a8ccb82,User Sign Up,2024-05-10T07:08:12Z,2c71c5d66c7e12a0b3c200ba6ed3b78e,6380232145160Dca709Cdb11Ae47Fb2A,e04c6b50af7c034b0b48b4afdde0e2c9,,,,,False
e74f3e7cae96a2c81a7970ec3a8ccb82,User Sign Up,2024-05-10T07:08:12Z,2c71c5d66c7e12a0b3c200ba6ed3b78e,6380232145160Dca709Cdb11Ae47Fb2A,e04c6b50af7c034b0b48b4afdde0e2c9,,,,,False
e74f3e7cae96a2c81a7970ec3a8ccb82,User Sign Up,2024-05-10T07:08:12Z,2c71c5d66c7e12a0b3c200ba6ed3b78e,6380232145160Dca709Cdb11Ae47Fb2A,e04c6b50af7c034b0b48b4afdde0e2c9,,,,,False
e74f3e7cae96a2c81a7970ec3a8ccb82,User Sign Up,2024-05-10T07:08:12Z,2c71c5d66c7e12a0b3c200ba6ed3b78e,6380232145160Dca709Cdb11Ae47Fb2A,e04c6b50af7c034b0b48b4afdde0e2c9,,,,,False
e74f3e7cae96a2c81a7970ec3a8ccb82,User Sign Up,2024-05-10T07:08:12Z,2c71c5d66c7e12a0b3c200ba6ed3b78e,6380232145160Dca709Cdb11Ae47Fb2A,e04c6b50af7c034b0b48b4afdde0e2c9,,,,,False
e74f3e7cae96a2c81a7970ec3a8ccb82,User Sign Up,2024-05-10T07:08:12Z,2c71c5d66c7e12a0b3c200ba6ed3b78e,6380232145160Dca709Cdb11Ae47Fb2A,e04c6b50af7c034b0b48b4afdde0e2c9,,,,,False
e74f3e7cae96a2c81a7970ec3a8ccb82,User Sign Up,2024-05-10T07:08:12Z,2c71c5d66c7e12a0b3c200ba6ed3b78e,6380232145160Dca709Cdb11Ae47Fb2A,e04c6b50af7c034b0b48b4afdde0e2c9,,,,,False
962788593e04380982da789b978dcad6,Draft Transaction,2024-05-13T03:30:51Z,cadba628952bde1670ac4c0792afc28a,2Eb4B6E1Ee9574C9E4A5F7E7E9B09280,4f0595d6c1e4da52bcd4af627e89f0f8,3976319532e4346ed060a48ed94f77c7,,,,False
962788593e04380982da789b978dcad6,Draft Transaction,2024-05-13T03:30:51Z,cadba628952bde1670ac4c0792afc28a,2Eb4B6E1Ee9574C9E4A5F7E7E9B09280,4f0595d6c1e4da52bcd4af627e89f0f8,3976319532e4346ed060a48ed94f77c7,,,,False
274ef52f2f70dbb3afa5c94bcbff41cb,Draft Transaction,2024-05-13T09:47:45Z,192befbbd8b97260e28db080a661578c,2Eb4B6E1Ee9574C9E4A5F7E7E9B09280,0c20fa7d62f00a047c3c0b0e9abfa4b5,0fc3fb996325ee9e25e5c38a28393d65,,,,False
c98844d50327681160b17baa8756984a,Draft Transaction,2024-05-02T04:19:27Z,,,782764b5d010acca46dd3abf5d56e6cf,62afd56341d234457415c97c9c866aa9,PAID,2024-05-02T04:19:27.651Z,,False
